Datetime,Water Level (m)
2025-05-04 18:00:00,0.03334701
2025-05-04 19:00:00,-0.05854476
2025-05-04 20:00:00,-0.1360971
2025-05-04 21:00:00,-0.20226276
2025-05-04 22:00:00,-0.2284319
2025-05-04 23:00:00,-0.13582551
2025-05-05 00:00:00,0.020239651
2025-05-05 01:00:00,0.14165156
2025-05-05 02:00:00,0.21396345
2025-05-05 03:00:00,0.22667
2025-05-05 04:00:00,0.16857347
2025-05-05 05:00:00,0.061336324
2025-05-05 06:00:00,-0.04297467
2025-05-05 07:00:00,-0.1301272
2025-05-05 08:00:00,-0.19874968
2025-05-05 09:00:00,-0.23931804
2025-05-05 10:00:00,-0.1991799
2025-05-05 11:00:00,-0.04438672
2025-05-05 12:00:00,0.11677501
2025-05-05 13:00:00,0.26070905
2025-05-05 14:00:00,0.36182052
2025-05-05 15:00:00,0.40894097
2025-05-05 16:00:00,0.38761067
2025-05-05 17:00:00,0.28748578
2025-05-05 18:00:00,0.16583964
2025-05-05 19:00:00,0.059867386
2025-05-05 20:00:00,-0.0304118
2025-05-05 21:00:00,-0.10974967
2025-05-05 22:00:00,-0.18172881
2025-05-05 23:00:00,-0.22857694
2025-05-06 00:00:00,-0.1873501
2025-05-06 01:00:00,-0.016701354
2025-05-06 02:00:00,0.13152963
2025-05-06 03:00:00,0.22980437
2025-05-06 04:00:00,0.26992416
2025-05-06 05:00:00,0.24426338
2025-05-06 06:00:00,0.15040521
2025-05-06 07:00:00,0.03975421
2025-05-06 08:00:00,-0.055619873
2025-05-06 09:00:00,-0.13078953
2025-05-06 10:00:00,-0.18536434
2025-05-06 11:00:00,-0.20085038
2025-05-06 12:00:00,-0.1088908
2025-05-06 13:00:00,0.06453051
2025-05-06 14:00:00,0.23190565
2025-05-06 15:00:00,0.36197746
2025-05-06 16:00:00,0.43828142
2025-05-06 17:00:00,0.44206533
2025-05-06 18:00:00,0.35306308
2025-05-06 19:00:00,0.21554622
2025-05-06 20:00:00,0.09314737
2025-05-06 21:00:00,-0.009130036
2025-05-06 22:00:00,-0.09565234
2025-05-06 23:00:00,-0.17395198
2025-05-07 00:00:00,-0.22619686
2025-05-07 01:00:00,-0.17149886
2025-05-07 02:00:00,0.020265684
2025-05-07 03:00:00,0.18311201
2025-05-07 04:00:00,0.2978241
2025-05-07 05:00:00,0.3600928
2025-05-07 06:00:00,0.35838094
2025-05-07 07:00:00,0.26872393
2025-05-07 08:00:00,0.14359997
2025-05-07 09:00:00,0.039953142
2025-05-07 10:00:00,-0.04276005
2025-05-07 11:00:00,-0.11162417
2025-05-07 12:00:00,-0.15331969
2025-05-07 13:00:00,-0.094061114
2025-05-07 14:00:00,0.09653912
2025-05-07 15:00:00,0.28721654
2025-05-07 16:00:00,0.43496805
2025-05-07 17:00:00,0.5147523
2025-05-07 18:00:00,0.5158919
2025-05-07 19:00:00,0.40271246
2025-05-07 20:00:00,0.25392222
2025-05-07 21:00:00,0.13375589
2025-05-07 22:00:00,0.03490368
2025-05-07 23:00:00,-0.053262327
2025-05-08 00:00:00,-0.13313992
2025-05-08 01:00:00,-0.18501492
2025-05-08 02:00:00,-0.10806599
2025-05-08 03:00:00,0.11103475
2025-05-08 04:00:00,0.29190707
2025-05-08 05:00:00,0.42432296
2025-05-08 06:00:00,0.49368912
2025-05-08 07:00:00,0.48110753
2025-05-08 08:00:00,0.35256046
2025-05-08 09:00:00,0.21049283
2025-05-08 10:00:00,0.105092086
2025-05-08 11:00:00,0.018012423
2025-05-08 12:00:00,-0.059463013
2025-05-08 13:00:00,-0.120754234
2025-05-08 14:00:00,-0.08395376
2025-05-08 15:00:00,0.13228726
2025-05-08 16:00:00,0.33214095
2025-05-08 17:00:00,0.48032722
2025-05-08 18:00:00,0.56561714
2025-05-08 19:00:00,0.54985905
2025-05-08 20:00:00,0.41865396
2025-05-08 21:00:00,0.2578269
2025-05-08 22:00:00,0.13327786
2025-05-08 23:00:00,0.030570962
2025-05-09 00:00:00,-0.06577028
2025-05-09 01:00:00,-0.15133326
2025-05-09 02:00:00,-0.18954116
2025-05-09 03:00:00,-0.025806816
2025-05-09 04:00:00,0.21663882
2025-05-09 05:00:00,0.40597835
2025-05-09 06:00:00,0.5357048
2025-05-09 07:00:00,0.58382833
2025-05-09 08:00:00,0.52817893
2025-05-09 09:00:00,0.3759012
2025-05-09 10:00:00,0.23386732
2025-05-09 11:00:00,0.12553164
2025-05-09 12:00:00,0.034065485
2025-05-09 13:00:00,-0.052236058
2025-05-09 14:00:00,-0.11989365
2025-05-09 15:00:00,-0.039123435
2025-05-09 16:00:00,0.2217884
2025-05-09 17:00:00,0.42765254
2025-05-09 18:00:00,0.57248056
2025-05-09 19:00:00,0.62408197
2025-05-09 20:00:00,0.561054
2025-05-09 21:00:00,0.39091682
2025-05-09 22:00:00,0.240859
2025-05-09 23:00:00,0.12453213
2025-05-10 00:00:00,0.024492983
2025-05-10 01:00:00,-0.06896709
2025-05-10 02:00:00,-0.15542273
2025-05-10 03:00:00,-0.14075038
2025-05-10 04:00:00,0.11337262
2025-05-10 05:00:00,0.3517812
2025-05-10 06:00:00,0.539421
2025-05-10 07:00:00,0.64880997
2025-05-10 08:00:00,0.6698348
2025-05-10 09:00:00,0.55770904
2025-05-10 10:00:00,0.3812625
2025-05-10 11:00:00,0.24797258
2025-05-10 12:00:00,0.14508373
2025-05-10 13:00:00,0.050681185
2025-05-10 14:00:00,-0.039250836
2025-05-10 15:00:00,-0.087826476
2025-05-10 16:00:00,0.079868935
2025-05-10 17:00:00,0.34403807
2025-05-10 18:00:00,0.5366721
